<?xml version="1.0" encoding="UTF-8"?>
<ti:module xmlns:ti="http://ti.appcelerator.org" xmlns:android="http://schemas.android.com/apk/res/android">
	<!--
		Similar to tiapp.xml, but contains module/platform specific
		configuration in <iphone> and <android> sections
	-->
	<iphone>
	</iphone>
	<android xmlns:android="http://schemas.android.com/apk/res/android">
       <manifest>
            <!-- REQUIRED PERMISSIONS (for Urban Airship GCM) -->
		    <uses-permission android:name="android.permission.INTERNET"/>
		    <uses-permission android:name="android.permission.ACCESS_NETWORK_STATE"/>
		    <uses-permission android:name="android.permission.VIBRATE"/>
		     
		    <!-- GCM requires a Google account. -->
		    <uses-permission android:name="android.permission.GET_ACCOUNTS" />
		    <!-- Keeps the processor from sleeping when a message is received. -->
		    <uses-permission android:name="android.permission.WAKE_LOCK" />
		 
		    <!-- This app has permission to register with GCM and receive message -->
		    <uses-permission android:name="com.google.android.c2dm.permission.RECEIVE" />
		 
		    <!-- MODIFICATION REQUIRED - Replace "dk.napp.uagcm" with your package name -->
		    <permission android:name="dk.napp.uagcm.permission.C2D_MESSAGE" android:protectionLevel="signature" />
		    <uses-permission android:name="dk.napp.uagcm.permission.C2D_MESSAGE" />
		    <!-- The two elements above ensure that only this application can receive the messages and registration result -->
		    <!--  END Urban Airship Required Permissions -->
		    
		    <!-- OPTIONAL Urban Airship Settings -->
    		<!-- REQUIRED FOR LOCATION -->
		    <uses-permission android:name="android.permission.ACCESS_FINE_LOCATION" />
		
		
            <application>
                
                <!-- REQUIRED for Urban Airship GCM-->
		        <receiver android:name="com.urbanairship.CoreReceiver" />
		        <receiver android:name="com.urbanairship.push.GCMPushReceiver"
		                  android:permission="com.google.android.c2dm.permission.SEND">        
		          <intent-filter>
		              <action android:name="com.google.android.c2dm.intent.RECEIVE" />
		              <action android:name="com.google.android.c2dm.intent.REGISTRATION" />
		               
		              <!-- MODIFICATION REQUIRED - Use your package name as the category -->
		              <category android:name="dk.napp.uagcm" />
		          </intent-filter>
		          <!--  REQUIRED for detecting when the application is upgraded so it can request a new GCM ID -->
		          <intent-filter>
		              <action android:name="android.intent.action.PACKAGE_REPLACED" />
		              <data android:scheme="package"/>
		          </intent-filter>
		        </receiver>
		 
		        <service android:name="com.urbanairship.push.PushService"
		                 android:label="Push Notification Service"/>
		        <service android:name="com.urbanairship.push.PushWorkerService"
		                 android:label="Push Notification Worker Service"/>
		        <service android:name="com.urbanairship.analytics.EventService"
		                 android:label="Event Service"/>
		 
		        <!-- This is required for persisting preferences related to push and location -->
		        <!-- MODIFICATION REQUIRED - Use your package name + ".urbanairship.provider" in the android:authorities -->
		        <provider android:name="com.urbanairship.UrbanAirshipProvider"
		            android:authorities="dk.napp.uagcm.urbanairship.provider"
		            android:exported="false"
		            android:multiprocess="true" />
		        <!-- END OF REQUIRED ITEMS -->
		 
		        <!-- OPTIONAL (for segments support) -->
		        <service android:name="com.urbanairship.location.LocationService" android:label="Segments Service"/>
		 
		        <!-- OPTIONAL, if you want to receive push, push opened and registration completed intents -->
		        <!-- Replace the receiver below with your package and class name -->
		        <receiver android:name="dk.napp.uagcm.IntentReceiver" />
		        
            </application>
        </manifest>
	</android>
</ti:module>
